{"id": "23257", "post": "<div class=\"post-23257 post type-post status-publish format-standard hentry category-tutorials tag-how-to-mysql tag-mysql tag-mysql-guide tag-setup-mysql\" id=\"post-23257\"><h2 class=\"storytitle\"><a href=\"https://lowendbox.com/blog/getting-started-with-the-dolphin-mysql-101-full-setup-and-how-to-guide/\" rel=\"bookmark\">Getting Started With the Dolphin: MySQL 101 \u2013 Full Setup and How to Guide</a></h2><div class=\"meta\"><img data-lazyloaded=\"1\" src=\"/media/icons/tag_green.png\" data-src=\"/media/icons/tag_green.png\" alt=\"Tags: \" class=\"litespeed-loaded\" data-was-processed=\"true\"> <a href=\"https://lowendbox.com/tag/how-to-mysql/\" rel=\"tag\">how to mysql</a>, <a href=\"https://lowendbox.com/tag/mysql/\" rel=\"tag\">mysql</a>, <a href=\"https://lowendbox.com/tag/mysql-guide/\" rel=\"tag\">mysql guide</a>, <a href=\"https://lowendbox.com/tag/setup-mysql/\" rel=\"tag\">setup mysql</a> <img data-lazyloaded=\"1\" src=\"https://lowendbox.com/media/icons/calendar.png\" data-src=\"https://lowendbox.com/media/icons/calendar.png\" alt=\"Date/Time: \" class=\"litespeed-loaded\" data-was-processed=\"true\"> February 25, 2021 @ 6:53 am, by raindog308</div><div class=\"storycontent tablelook\"><p><a target=\"_blank\" rel=\"noopener noreferrer\"><img data-lazyloaded=\"1\" src=\"https://lowendbox.com/wp-content/uploads/2020/05/getting-strated-with-the-dolphin-mysql-101.jpg.webp\" loading=\"lazy\" class=\"screenshot litespeed-loaded\" title=\"How to Setup MySQL - A Full Setup and How to Guide\" data-src=\"https://lowendbox.com/wp-content/uploads/2020/05/getting-strated-with-the-dolphin-mysql-101.jpg.webp\" alt=\"How to Setup MySQL - A Full Setup and How to Guide\" width=\"410\" height=\"229\" data-was-processed=\"true\"></a>MariaDB and PostgreSQL are the two leading SQL databases. Both adhere to many ANSI SQL standards, but these ANSI standards don\u2019t specify all behaviors. The SQL statement themselves (such as SELECT, INSERT, UPDATE, and DELETE) are the areas where they have the most commonality. Where they differ the most is in their DDL (data definition language) commands, and the administrative/server components. In this tutorial, we\u2019ll cover MySQL.</p><h1>History</h1><p>MariaDB is a fork of MySQL. MySQL was originally an independent company but when they were acquired by Oracle, some users got the willies and forked the project to start MariaDB. Both products (MySQL and MariaDB) have continued to be developed. In this tutorial, we\u2019ll focus on MariaDB, which is the more license-friendly option. Note that while the product is called MariaDB, you will still see the term \u201cmysql\u201d in many areas, such as directory paths (/var/lib/mysql), etc.</p><h1>Install</h1><p>To install MariaDB on Debian systems:</p><pre>apt-get install mariadb-server</pre><p>On CentOS systems:</p><pre>yum -y install mariadb-server</pre><p><span id=\"more-23257\"></span></p><h1>Post-Install Steps</h1><p>After installing MariaDB, you should immediately run mysql_secure_installation to secure the MySQL configuration. You should set a root password and answer yes to all questions.</p><pre class=\"p1\"><span class=\"s1\"># mysql_secure_installation </span>\n<span class=\"s1\">NOTE: RUNNING ALL PARTS OF THIS SCRIPT IS RECOMMENDED FOR ALL MariaDB</span>\n<span class=\"s1\"><span class=\"Apple-converted-space\">  &nbsp; &nbsp; </span>SERVERS IN PRODUCTION USE!<span class=\"Apple-converted-space\">&nbsp; </span>PLEASE READ EACH STEP CAREFULLY!</span>\n\n<span class=\"s1\">In order to log into MariaDB to secure it, we'll need the current</span>\n<span class=\"s1\">password for the root user.<span class=\"Apple-converted-space\">&nbsp; </span>If you've just installed MariaDB, and</span>\n<span class=\"s1\">you haven't set the root password yet, the password will be blank,</span>\n<span class=\"s1\">so you should just press enter here.</span>\n\n<span class=\"s1\">Enter current password for root (enter for none): </span>\n<span class=\"s1\">OK, successfully used password, moving on...</span>\n\n<span class=\"s1\">Setting the root password ensures that nobody can log into the MariaDB</span>\n<span class=\"s1\">root user without the proper authorisation.</span>\n\n<span class=\"s1\">Set root password? [Y/n] y</span>\n<span class=\"s1\">New password: </span>\n<span class=\"s1\">Re-enter new password: </span>\n<span class=\"s1\">Password updated successfully!</span>\n<span class=\"s1\">Reloading privilege tables..</span>\n<span class=\"s1\"> ... Success!</span>\n\n<span class=\"s1\">By default, a MariaDB installation has an anonymous user, allowing anyone</span>\n<span class=\"s1\">to log into MariaDB without having to have a user account created for</span>\n<span class=\"s1\">them.<span class=\"Apple-converted-space\">&nbsp; </span>This is intended only for testing, and to make the installation</span>\n<span class=\"s1\">go a bit smoother.<span class=\"Apple-converted-space\">&nbsp; </span>You should remove them before moving into a</span>\n<span class=\"s1\">production environment.</span>\n\n<span class=\"s1\">Remove anonymous users? [Y/n] y</span>\n<span class=\"s1\"> ... Success!</span>\n\n<span class=\"s1\">Normally, root should only be allowed to connect from 'localhost'.<span class=\"Apple-converted-space\">&nbsp; </span>This</span>\n<span class=\"s1\">ensures that someone cannot guess at the root password from the network.</span>\n<span class=\"s1\">\nDisallow root login remotely? [Y/n] y</span>\n<span class=\"s1\"> ... Success!</span>\n\n<span class=\"s1\">By default, MariaDB comes with a database named 'test' that anyone can</span>\n<span class=\"s1\">access.<span class=\"Apple-converted-space\">&nbsp; </span>This is also intended only for testing, and should be removed</span>\n<span class=\"s1\">before moving into a production environment.</span>\n\n<span class=\"s1\">Remove test database and access to it? [Y/n] y</span>\n<span class=\"s1\"> - Dropping test database...</span>\n<span class=\"s1\"> ... Success!</span>\n<span class=\"s1\"> - Removing privileges on test database...</span>\n<span class=\"s1\"> ... Success!</span>\n\n<span class=\"s1\">Reloading the privilege tables will ensure that all changes made so far</span>\n<span class=\"s1\">will take effect immediately.</span>\n\n<span class=\"s1\">Reload privilege tables now? [Y/n] y</span>\n<span class=\"s1\"> ... Success!</span>\n\n<span class=\"s1\">Cleaning up...</span>\n\n<span class=\"s1\">All done!<span class=\"Apple-converted-space\">&nbsp; </span>If you've completed all of the above steps, your MariaDB</span>\n<span class=\"s1\">installation should now be secure.</span>\n<span class=\"s1\">Thanks for using MariaDB!</span>\n<span class=\"s1\">#</span></pre><h1>Configuration Files</h1><p>MariaDB is installed with reasonable defaults.</p><p>On CentOS systems, /etc/my.cnf is the main configuration file, and it sources files in /etc/my.cnf.d. There\u2019s no need to edit /etc/my.cnf. Instead, edit the relevant files in /etc/my.cnf.d.</p><p>On Debian systems, configurations are stored in /etc/mysql.&nbsp; mariadb.cnf is the \u201cmother\u201d file, which sources files from /etc/mysql/conf.d/mariadb.&nbsp; /etc/mysql/mariadb.cnf explains priority with a refreshing clarity the, ahem, \u201centerprise\u201d distribution seems incapable of:</p><pre class=\"p1\"><span class=\"s1\"># The MariaDB/MySQL tools read configuration files in the following order:</span>\n<span class=\"s1\"># 1. \"/etc/mysql/mariadb.cnf\" (this file) to set global defaults,</span>\n<span class=\"s1\"># 2. \"/etc/mysql/conf.d/*.cnf\" to set global options.</span>\n<span class=\"s1\"># 3. \"/etc/mysql/mariadb.conf.d/*.cnf\" to set MariaDB-only options.</span>\n<span class=\"s1\"># 4. \"~/.my.cnf\" to set user-specific options.</span></pre><h1>Starting and Stopping</h1><p>MariaDB starts and starts like a normal systemd service:</p><pre>systemctl start mariadb\nsystemctl stop mariadb</pre><p>Note that for legacy compatibility purposes, \u201csystemctl start|stop mysql\u201d continues to work.</p><h1>Connecting</h1><p>Normally you would connect to MariaDB with a command like this:</p><pre>$ mysql -u username -p somedb\n<span class=\"s1\">Reading table information for completion of table and column names</span>\n<span class=\"s1\">You can turn off this feature to get a quicker startup with -A</span>\n<span class=\"s1\">\nWelcome to the MariaDB monitor.<span class=\"Apple-converted-space\">&nbsp; </span>Commands end with ; or \\g.</span>\n<span class=\"s1\">Your MariaDB connection id is 45708</span>\n<span class=\"s1\">Server version: 10.3.17-MariaDB MariaDB Server</span>\n\n<span class=\"s1\">Copyright (c) 2000, 2018, Oracle, MariaDB Corporation Ab and others.</span>\n<span class=\"s1\">Type 'help;' or '\\h' for help. Type '\\c' to clear the current input statement.</span>\n<span class=\"s1\">MariaDB [employees]&gt;</span></pre><p>If connecting from an application, note that by default PostgreSQL runs on port 3306.</p><h1>Super User Access</h1><p>In MySQL, the system \u2018root\u2019 account is the superuser.</p><pre>mysql -u root -p</pre><p>And then enter your password when prompted.</p><h1>Scripted Access</h1><p>If you are scripting MariaDB (perhaps for backups), you can eliminate the need to enter a password. To do this, create a .my.cnf password in the relevant user\u2019s home directory. It must be owned by that user and set to read/write by that user only:</p><pre># touch /root/.my.cnf\n# chmod 600 /root/.my.cnf</pre><p>Then populate it with something like this:</p><pre>[client]\npassword = \"my-password\"</pre><p>Now you can simply call \u201cmysql\u201d and (if you\u2019re root) you\u2019ll be logged in as root.&nbsp; Note that if you execute \u201cmysql -p\u201d, MariaDB will ask for your password since you asked it to.</p><h1>Backing Up Databases</h1><p>MariaDB supports the venerable mysqldump program, which dumps your database to a .sql file that contains the SQL instructions for recreating the database. Basic usage for dumping a database called \u2018mydb\u2019 looks like this:</p><pre>mysqldump mydb &gt; /some/path/mydb.sql</pre><p>To dump all databases:</p><pre>mysqldump -A &gt; /some/path/all.sql</pre><h1>Creating a New Database</h1><pre># mysql\nWelcome to the MariaDB monitor. Commands end with ; or \\g.\nYour MariaDB connection id is 45704\nServer version: 10.3.17-MariaDB MariaDB Server\n\nCopyright (c) 2000, 2018, Oracle, MariaDB Corporation Ab and others.\n\nType 'help;' or '\\h' for help. Type '\\c' to clear the current input statement.\n\nMariaDB [(none)]&gt; create database new1;\nQuery OK, 1 row affected (0.000 sec)</pre><h1>Switching to a Database</h1><pre>MariaDB [(none)]&gt; use new1;\nDatabase changed\nMariaDB [new1]&gt;</pre><h1>Creating a User</h1><p>MariaDB users are in the form \u201cuser@place\u201d where \u201cplace\u201d can be a hostname or \u201c%\u201d for wildcard. We typically create a user and grant the user permission a database:</p><pre>MariaDB [new1]&gt; create user 'someone'@'localhost' identified by 'something';\nQuery OK, 0 rows affected (0.000 sec)\n\nMariaDB [new1]&gt; grant all on new1.* to 'someone'@'localhost';\nQuery OK, 0 rows affected (0.001 sec)</pre><p>We can also do this in one step:</p><pre>MariaDB [new1]&gt; grant all on new1.* to 'someone'@'localhost' identified by 'something';\nQuery OK, 0 rows affected (0.000 sec)</pre><p>Regardless of how you do it, be sure to flush privileges when you\u2019re done:</p><pre>MariaDB [new1]&gt; flush privileges;\nQuery OK, 0 rows affected (0.001 sec)</pre><h1>Listing Databases and Tables</h1><p>To list databases, use the show databases command:</p><pre>MariaDB [new1]&gt; show databases;\n+--------------------+\n| Database           |\n+--------------------+\n| employees          |\n| information_schema |\n| mysql              |\n| new1               |\n| performance_schema |\n| tester             |\n+--------------------+\n6 rows in set (0.001 sec)</pre><p>To list tables, use show tables:</p><pre>MariaDB [employees]&gt; show tables;\n+----------------------+\n| Tables_in_employees  |\n+----------------------+\n| current_dept_emp     |\n| departments          |\n| dept_emp             |\n| dept_emp_latest_date |\n| dept_manager         |\n| employees            |\n| salaries             |\n| titles               |\n+----------------------+\n8 rows in set (0.000 sec)</pre><h1>Creating Tables</h1><p>Creating tables is a very standard SQL command. In this case, we are setting the \u2018id\u2019 column to be the primary key and also declaring it as auto-increment, which means that it will automatically increase with every insert.</p><pre>CREATE TABLE superheroes (\nid integer primary key auto_increment,\nhero_name varchar(30),\nsecret_identity varchar(30),\nteam varchar(30)\n);\n\nMariaDB [heroes]&gt; CREATE TABLE superheroes (\n-&gt; id integer primary key auto_increment,\n-&gt; hero_name varchar(30),\n-&gt; secret_identity varchar(30),\n-&gt; team varchar(30)\n-&gt; );\nQuery OK, 0 rows affected (0.006 sec)</pre><h1>Inserting Data</h1><p>We\u2019ll add some rows, but we don\u2019t need to include the \u2018id\u2019 column in our insert statement because it will auto-increment for us. The \u201cSTART TRANSACTION\u201d is optional, as we\u2019ll explain next;</p><pre>START TRANSACTION;\nINSERT INTO superheroes (hero_name, secret_identity, team) VALUES ('Iron Man', 'Tony Stark', 'Avengers');\nINSERT INTO superheroes (hero_name, secret_identity, team) VALUES ('Captain America', 'Steve Rogers', 'Avengers');\nINSERT INTO superheroes (hero_name, secret_identity, team) VALUES ('Thor', 'Donald Blake', 'Avengers');\nINSERT INTO superheroes (hero_name, secret_identity, team) VALUES ('She-Hulk', 'Jennifer Walters', 'Avengers');\nINSERT INTO superheroes (hero_name, secret_identity, team) VALUES ('Wolverine', 'Logan', 'X-Men');\nINSERT INTO superheroes (hero_name, secret_identity, team) VALUES ('Cyclops', 'Scott Summers', 'X-Men');\nINSERT INTO superheroes (hero_name, secret_identity, team) VALUES ('Shadowcat', 'Kitty Pryde', 'X-Men');\nINSERT INTO superheroes (hero_name, secret_identity, team) VALUES ('Colossus', 'Piotr Rasputin', 'X-Men');\n\nMariaDB [heroes]&gt; start transaction;\nQuery OK, 0 rows affected (0.000 sec)\n\nMariaDB [heroes]&gt; INSERT INTO superheroes (hero_name, secret_identity, team) VALUES ('Iron Man', 'Tony Stark',\n'Avengers');\nQuery OK, 1 row affected (0.002 sec)\n\nMariaDB [heroes]&gt; INSERT INTO superheroes (hero_name, secret_identity, team) VALUES ('Captain America', 'Steve\nRogers', 'Avengers');\nQuery OK, 1 row affected (0.001 sec)\n\nMariaDB [heroes]&gt; INSERT INTO superheroes (hero_name, secret_identity, team) VALUES ('Thor', 'Donald Blake', '\nAvengers');\nQuery OK, 1 row affected (0.001 sec)\n\nMariaDB [heroes]&gt; INSERT INTO superheroes (hero_name, secret_identity, team) VALUES ('She-Hulk', 'Jennifer Wal\nters', 'Avengers');\nQuery OK, 1 row affected (0.001 sec)\n\nMariaDB [heroes]&gt; INSERT INTO superheroes (hero_name, secret_identity, team) VALUES ('Wolverine', 'Logan', 'X-\nMen');\nQuery OK, 1 row affected (0.001 sec)\n\nMariaDB [heroes]&gt; INSERT INTO superheroes (hero_name, secret_identity, team) VALUES ('Cyclops', 'Scott Summers\n', 'X-Men');\nQuery OK, 1 row affected (0.001 sec)\n\nMariaDB [heroes]&gt; INSERT INTO superheroes (hero_name, secret_identity, team) VALUES ('Shadowcat', 'Kitty Pryde\n', 'X-Men');\nQuery OK, 1 row affected (0.001 sec)\n\nMariaDB [heroes]&gt; INSERT INTO superheroes (hero_name, secret_identity, team) VALUES ('Colossus', 'Piotr Rasput\nin', 'X-Men');\nQuery OK, 1 row affected (0.001 sec)</pre><h1>Transactions</h1><p>We\u2019re in the middle of a transaction thanks to the START TRANSACTION statement. From our perspective, this is what the superheroes table looks like:</p><pre>MariaDB [heroes]&gt; select count(*) from superheroes;\n+----------+\n| count(*) |\n+----------+\n| 8        |\n+----------+\n1 row in set (0.000 sec)</pre><p>However, logging in from another session and running the same query produces this:</p><pre>MariaDB [heroes]&gt; select count(*) from superheroes;\n+----------+\n| count(*) |\n+----------+\n| 0        |\n+----------+\n1 row in set (0.000 sec)</pre><p>This is because we haven\u2019t committed the data yet. Let\u2019s do so.</p><pre>MariaDB [heroes]&gt; commit;\nQuery OK, 0 rows affected (0.002 sec)</pre><p>Now both queries show:</p><pre>MariaDB [heroes]&gt; select count(*) from superheroes;\n+----------+\n| count(*) |\n+----------+\n| 8        |\n+----------+\n1 row in set (0.001 sec)</pre><p>If you had not used \u201cSTART TRANSACTION\u201d, then every command would immediately commit.</p><p>Let\u2019s try one more transaction. I\u2019m going to delete one of the heroes:</p><pre>START TRANSACTION;\nDELETE FROM superheroes WHERE hero_name = 'Thor';\n\nMariaDB [heroes]&gt; start transaction;\nQuery OK, 0 rows affected (0.000 sec)\n\nMariaDB [heroes]&gt; DELETE FROM superheroes WHERE hero_name = 'Thor';\nQuery OK, 1 row affected (0.001 sec)\n\nMariaDB [heroes]&gt; select count(*) from superheroes;\n+----------+\n| count(*) |\n+----------+\n| 7        |\n+----------+\n1 row in set (0.000 sec)</pre><p>However, in the other session, I still see all rows:</p><pre>MariaDB [heroes]&gt; select count(*) from superheroes;\n+----------+\n| count(*) |\n+----------+\n| 8        |\n+----------+\n1 row in set (0.000 sec)</pre><p>I could COMMIT in session #1, but I also have the option to ROLLBACK \u2013 in other words, abandon my changes. In this case, it\u2019s only one statement, but I could have hundreds or thousands of statements pending commit. A COMMIT would apply them all, and a ROLLBACK would roll them all back. In this case, I\u2019ll rollback:</p><pre>MariaDB [heroes]&gt; rollback;\nQuery OK, 0 rows affected (0.002 sec)\n\nMariaDB [heroes]&gt; select count(*) from superheroes;\n+----------+\n| count(*) |\n+----------+\n| 8        |\n+----------+\n1 row in set (0.001 sec)</pre><h1>Querying Data</h1><p>To query data, we use SELECT in the from \u201cSELECT (columns) FROM (table)\u201d and then optionally adding clauses to filter data (WHERE), group data (GROUP BY), and sort data (ORDER BY). Some examples:</p><pre>MariaDB [heroes]&gt; select secret_identity from superheroes where hero_name = 'Iron Man';\n+-----------------+\n| secret_identity |\n+-----------------+\n| Tony Stark |\n+-----------------+\n1 row in set (0.000 sec)</pre><p>I can use \u201c*\u201d to mean all columns:</p><pre>MariaDB [heroes]&gt; select * from superheroes where hero_name = 'Thor';\n+----+-----------+-----------------+----------+\n| id | hero_name | secret_identity | team     |\n+----+-----------+-----------------+----------+\n| 3  | Thor      | Donald Blake    | Avengers |\n+----+-----------+-----------------+----------+\n1 row in set (0.000 sec)</pre><p>Of course, I may have many rows:</p><pre>MariaDB [heroes]&gt; select hero_name, secret_identity from superheroes where team = 'Avengers' order by hero_nam\ne;\n+-----------------+------------------+\n| hero_name       | secret_identity  |\n+-----------------+------------------+\n| Captain America | Steve Rogers     |\n| Iron Man        | Tony Stark       |\n| She-Hulk        | Jennifer Walters |\n| Thor            | Donald Blake     |\n+-----------------+------------------+\n4 rows in set (0.001 sec)</pre><p>I can also use various database functions to summarize data:</p><pre>MariaDB [heroes]&gt; select team, count(*) from superheroes group by team order by team;\n+----------+----------+\n| team     | count(*) |\n+----------+----------+\n| Avengers | 4        |\n| X-Men    | 4        |\n+----------+----------+\n2 rows in set (0.001 sec)</pre><h1>Deleting Data</h1><p>MariaDB uses a standard DELETE statement:</p><pre>MariaDB [heroes]&gt; delete from superheroes where team = 'X-Men';\nQuery OK, 4 rows affected (0.002 sec)</pre><h1>Updating Data</h1><p>Perhaps She-Hulk decides to leave the Avengers (nerds: she joined in Avengers #221 and left in Avengers #243):</p><pre>MariaDB [heroes]&gt; update superheroes set team = NULL where hero_name = 'She-Hulk';\nQuery OK, 1 row affected (0.002 sec)\nRows matched: 1 Changed: 1 Warnings: 0\n\nMariaDB [heroes]&gt; select hero_name from superheroes where team = 'Avengers' order by hero_name;\n+-----------------+\n| hero_name       |\n+-----------------+\n| Captain America |\n| Iron Man        |\n| Thor            |\n+-----------------+\n3 rows in set (0.000 sec)</pre><p>Learning More</p><ul><li>The official <a href=\"https://mariadb.org/\">MariaDB page</a> and <a href=\"https://mariadb.com/kb/en/\">KnowledgeBase</a></li><li>Oracle\u2019s <a href=\"https://www.oracle.com/mysql/\">MySQL page</a> and <a href=\"https://docs.oracle.com/cd/E17952_01/index.html\">documentation</a></li><li>The <a href=\"https://github.com/datacharmer/test_db\">\u201cemployees\u201d database</a> is the official MySQL test database</li></ul><div class=\"relpost-thumb-wrapper\"><div class=\"relpost-thumb-container\"><h3>Related posts:</h3><div style=\"clear: both\"></div><div style=\"clear: both\"></div><div class=\"relpost-block-container\"><a class=\"relpost-block-single\" href=\"https://lowendbox.com/blog/limitless-hosting-amazing-discounts-on-cpanel-directadmin-web-hosting-and-reseller-hosting/\"><div style=\"width: 150px; height: 215px;\"><div class=\"relpost-block-single-image\" alt=\"Limitless Hosting - Amazing discounts on cPanel/DirectAdmin Web Hosting and Reseller Hosting\" style=\"background: transparent url(https://lowendbox.com/wp-content/uploads/2020/04/leb-centered-small.jpg) no-repeat scroll 0% 0%; width: 150px; height: 150px;\"></div><div class=\"relpost-block-single-text\" style=\"font-family: Arial;  font-size: 12px;  color: #333333;\">Limitless Hosting - Amazing discounts on cPanel/DirectAdmin Web Hosting and Reseller Hosting</div></div></a><a class=\"relpost-block-single\" href=\"https://lowendbox.com/blog/centos-7-lamp-server-tutorial-part-6-moving-to-nginx/\"><div style=\"width: 150px; height: 215px;\"><div class=\"relpost-block-single-image\" alt=\"CentOS 7 LAMP Server Tutorial Part 6: Moving to NGINX\" style=\"background: transparent url(https://lowendbox.com/wp-content/uploads/2019/07/nginx-150x150.jpg) no-repeat scroll 0% 0%; width: 150px; height: 150px;\"></div><div class=\"relpost-block-single-text\" style=\"font-family: Arial;  font-size: 12px;  color: #333333;\">CentOS 7 LAMP Server Tutorial Part 6: Moving to NGINX</div></div></a><a class=\"relpost-block-single\" href=\"https://lowendbox.com/blog/lemp-stack-installation-on-debian-9/\"><div style=\"width: 150px; height: 215px;\"><div class=\"relpost-block-single-image\" alt=\"LEMP Stack Installation on Debian 9\" style=\"background: transparent url(https://lowendbox.com/wp-content/uploads/2020/04/leb-centered-small.jpg) no-repeat scroll 0% 0%; width: 150px; height: 150px;\"></div><div class=\"relpost-block-single-text\" style=\"font-family: Arial;  font-size: 12px;  color: #333333;\">LEMP Stack Installation on Debian 9</div></div></a><a class=\"relpost-block-single\" href=\"https://lowendbox.com/blog/how-to-install-moodle-on-ubuntu-18-04/\"><div style=\"width: 150px; height: 215px;\"><div class=\"relpost-block-single-image\" alt=\"How to Install Moodle on Ubuntu 18.04\" style=\"background: transparent url(https://lowendbox.com/wp-content/uploads/2019/07/moodle-vector-logo-150x150.png) no-repeat scroll 0% 0%; width: 150px; height: 150px;\"></div><div class=\"relpost-block-single-text\" style=\"font-family: Arial;  font-size: 12px;  color: #333333;\">How to Install Moodle on Ubuntu 18.04</div></div></a></div><div style=\"clear: both\"></div></div></div><div id=\"author-bio-box\" style=\"background: #f8f8f8; border-top: 2px solid #cccccc; border-bottom: 2px solid #cccccc; color: #333333\"><h3><a style=\"color: #555555;\" href=\"https://lowendbox.com/blog/author/raindog308/\" title=\"All posts by raindog308\" rel=\"author\">raindog308</a></h3><div class=\"bio-gravatar\"><img data-lazyloaded=\"1\" src=\"data:image/svg+xml;base64,PHN2ZyB4bWxucz0iaHR0cDovL3d3dy53My5vcmcvMjAwMC9zdmciIHdpZHRoPSI3MCIgaGVpZ2h0PSI3MCIgdmlld0JveD0iMCAwIDcwIDcwIj48cmVjdCB3aWR0aD0iMTAwJSIgaGVpZ2h0PSIxMDAlIiBmaWxsPSIjY2ZkNGRiIi8+PC9zdmc+\" alt=\"\" data-src=\"https://secure.gravatar.com/avatar/4ce3b8640a70e05bd73ac25b8a37821c?s=70&amp;d=retro&amp;r=pg\" data-srcset=\"https://secure.gravatar.com/avatar/4ce3b8640a70e05bd73ac25b8a37821c?s=140&amp;d=retro&amp;r=pg 2x\" class=\"avatar avatar-70 photo\" height=\"70\" width=\"70\" loading=\"lazy\"></div><a target=\"_blank\" rel=\"nofollow noopener noreferrer\" href=\"https://www.lowendtalk.com/profile/raindog308\" class=\"bio-icon bio-icon-website\"></a><p class=\"bio-description\">I'm Andrew, techno polymath and long-time LowEndTalk community Moderator. My technical interests include all things Unix, perl, python, shell scripting, and relational database systems. I enjoy writing technical articles here on LowEndBox to help people get more out of their VPSes.</p></div></div><div class=\"feedback\"></div></div>"}